{"cameraMode":{"drawMode":0,"name":"Shaded","section":"Shading Mode"},"sceneLighting":true,"audioPlay":false,"sceneViewState":{"showFog":true,"showMaterialUpdate":false,"showSkybox":true,"showFlares":true,"showImageEffects":true,"showParticleSystems":true,"showVisualEffectGraphs":true},"in2DMode":false,"pivot":{"x":135.03395080566407,"y":342.19659423828127,"z":73.46574401855469},"rotation":{"x":-0.010202850215137005,"y":-0.9895910024642944,"z":-0.09080102294683457,"w":0.11119788140058518},"size":11.45649242401123,"orthographic":false}