{"cameraMode":{"drawMode":0,"name":"Shaded","section":"Shading Mode"},"sceneLighting":true,"audioPlay":false,"sceneViewState":{"showFog":true,"showMaterialUpdate":false,"showSkybox":true,"showFlares":true,"showImageEffects":true,"showParticleSystems":true,"showVisualEffectGraphs":true},"in2DMode":false,"pivot":{"x":724.5289306640625,"y":132.29559326171876,"z":444.756591796875},"rotation":{"x":-0.2472849190235138,"y":0.7383583188056946,"z":-0.5202429294586182,"w":-0.3509202003479004},"size":864.6045532226563,"orthographic":true}