{"cameraMode":{"drawMode":0,"name":"Shaded","section":"Shading Mode"},"sceneLighting":false,"audioPlay":false,"sceneViewState":{"showFog":true,"showMaterialUpdate":false,"showSkybox":false,"showFlares":true,"showImageEffects":true,"showParticleSystems":true,"showVisualEffectGraphs":true},"in2DMode":false,"pivot":{"x":525.8814697265625,"y":295.6816711425781,"z":-171.47335815429688},"rotation":{"x":-0.17778871953487397,"y":0.8145487308502197,"z":-0.3237459659576416,"w":-0.44731882214546206},"size":1.2247450351715088,"orthographic":false}