{"cameraMode":{"drawMode":0,"name":"Shaded","section":"Shading Mode"},"sceneLighting":false,"audioPlay":false,"sceneViewState":{"showFog":true,"showMaterialUpdate":false,"showSkybox":false,"showFlares":true,"showImageEffects":true,"showParticleSystems":true,"showVisualEffectGraphs":true},"in2DMode":false,"pivot":{"x":-1.0340038537979127,"y":0.05184715986251831,"z":-0.031229496002197267},"rotation":{"x":-0.19024533033370973,"y":-0.7931151390075684,"z":0.3080761432647705,"w":-0.48976558446884158},"size":0.017320500686764718,"orthographic":false}