{"cameraMode":{"drawMode":0,"name":"Shaded","section":"Shading Mode"},"sceneLighting":true,"audioPlay":false,"sceneViewState":{"showFog":true,"showMaterialUpdate":false,"showSkybox":true,"showFlares":true,"showImageEffects":true,"showParticleSystems":true,"showVisualEffectGraphs":true},"in2DMode":false,"pivot":{"x":776.1309204101563,"y":238.30645751953126,"z":289.8158874511719},"rotation":{"x":0.03048068657517433,"y":-0.7354758381843567,"z":0.033088043332099918,"w":0.676132082939148},"size":262.7426452636719,"orthographic":true}