{"cameraMode":{"drawMode":0,"name":"Shaded","section":"Shading Mode"},"sceneLighting":true,"audioPlay":false,"sceneViewState":{"showFog":true,"showMaterialUpdate":false,"showSkybox":true,"showFlares":true,"showImageEffects":true,"showParticleSystems":true,"showVisualEffectGraphs":true},"in2DMode":false,"pivot":{"x":419.3232421875,"y":-1770.0411376953125,"z":-331.0401611328125},"rotation":{"x":-0.11424124985933304,"y":0.8219887614250183,"z":-0.5289723873138428,"w":-0.17751790583133698},"size":1782.7572021484375,"orthographic":false}